[{"id":1,"subject":"Demande d'installation de logiciel sur le poste de travail","description":"L'utilisateur a besoin d'installer un nouveau logiciel de gestion de projets sur son poste de travail pour pouvoir collaborer efficacement avec l'\u00e9quipe.","priority":"Basse","status":"resolved"},{"id":2,"subject":"Demande d'ajout de fonctionnalit\u00e9 sur le site web de l'entreprise","description":"L'\u00e9quipe marketing souhaite ajouter une nouvelle fonctionnalit\u00e9 de chat en direct sur le site web pour am\u00e9liorer l'interaction client.","priority":"Moyenne","status":"resolved"},{"id":3,"subject":"Probl\u00e8me d'acc\u00e8s au r\u00e9seau interne","description":"Les utilisateurs ne parviennent pas \u00e0 se connecter au r\u00e9seau interne depuis ce matin. La connexion est refus\u00e9e avec un message d'erreur indiquant une authentification incorrecte.","priority":"Haute","status":"resolved"}]